Date,MCI
2020-01-01,0.09
2020-01-02,0.3
2020-01-03,0.2
2020-01-04,1.07
2020-01-05,0.67
2020-01-06,1.19
2020-01-07,1.59
2020-01-08,0.66
2020-01-09,0.95
2020-01-10,6.1
2020-01-11,1.88
2020-01-12,8.19
2020-01-13,3.1
2020-01-14,4.27
2020-01-15,3.3
2020-01-16,4.68
2020-01-17,5.99
2020-01-18,9.31
2020-01-19,11.44
2020-01-20,13.62
2020-01-21,12.96
2020-01-22,19.85
2020-01-23,21.91
2020-01-24,24.7
2020-01-25,28.89
2020-01-26,31.91
2020-01-27,37.63
2020-01-28,31.94
2020-01-29,34.2
2020-01-30,36.28
2020-01-31,37.71
2020-02-01,40.39
2020-02-02,42.32
2020-02-03,45.81
2020-02-04,38.57
2020-02-05,37.03
2020-02-06,37.66
2020-02-07,37.3
2020-02-08,39.45
2020-02-09,39.66
2020-02-10,41.74
2020-02-11,37.24
2020-02-12,38.07
2020-02-13,38.66
2020-02-14,39.8
2020-02-15,37.85
2020-02-16,37.67
2020-02-17,40.06
2020-02-18,39.55
2020-02-19,39.91
2020-02-20,36.49
2020-02-21,36.01
2020-02-22,35.43
2020-02-23,36.84
2020-02-24,41.22
2020-02-25,41.51
2020-02-26,43
2020-02-27,46.31
2020-02-28,48.77
2020-02-29,53.28
2020-03-01,54.89
2020-03-02,57.26
2020-03-03,54.71
2020-03-04,55.2
2020-03-05,55.65
2020-03-06,57.05
2020-03-07,57.43
2020-03-08,58.12
2020-03-09,61.18
2020-03-10,60.74
2020-03-11,61.62
2020-03-12,64.62
2020-03-13,65.37
2020-03-14,66.99
2020-03-15,75.51
2020-03-16,78.98
2020-03-17,75.58
2020-03-18,76.57
2020-03-19,77.86
2020-03-20,78.2
2020-03-21,79.88
2020-03-22,78.7
2020-03-23,82.61
2020-03-24,80.8
2020-03-25,82.2
2020-03-26,81.68
2020-03-27,82.12
2020-03-28,83.93
2020-03-29,80.99
2020-03-30,81.45
2020-03-31,82.31
2020-04-01,81.1
2020-04-02,81.19
2020-04-03,82.59
2020-04-04,81.4
2020-04-05,78.73
2020-04-06,79.84
2020-04-07,81.17
2020-04-08,82.39
2020-04-09,81.75
2020-04-10,82.95
2020-04-11,79.76
2020-04-12,79.41
2020-04-13,79.42
2020-04-14,80.27
2020-04-15,80.19
2020-04-16,81.01
2020-04-17,80.07
2020-04-18,80.04
2020-04-19,77.77
2020-04-20,79.33
2020-04-21,79.43
2020-04-22,80.13
2020-04-23,79
2020-04-24,79.93
2020-04-25,80.73
2020-04-26,74.92
2020-04-27,78.13
2020-04-28,79.58
2020-04-29,80.74
2020-04-30,78.5
2020-05-01,79.27
2020-05-02,81.52
2020-05-03,76.86
2020-05-04,77.25
2020-05-05,77.92
2020-05-06,78.46
2020-05-07,78.88
2020-05-08,79.37
2020-05-09,77.44
2020-05-10,72.71
2020-05-11,76.58
2020-05-12,77.23
2020-05-13,76.53
2020-05-14,77.76
2020-05-15,80.09
2020-05-16,76.13
2020-05-17,75.03
2020-05-18,75.24
2020-05-19,77.17
2020-05-20,76.61
2020-05-21,77.35
2020-05-22,77.07
2020-05-23,76.27
2020-05-24,71.87
2020-05-25,75.54
2020-05-26,72.73
2020-05-27,75.54
2020-05-28,76.82
2020-05-29,75.71
2020-05-30,76.43
2020-05-31,71.09
2020-06-01,71.41
2020-06-02,73.22
2020-06-03,73.95
2020-06-04,73.99
2020-06-05,73.81
2020-06-06,73.41
2020-06-07,70.94
2020-06-08,68.22
2020-06-09,73.27
2020-06-10,72.95
2020-06-11,74.33
2020-06-12,73.72
2020-06-13,73.51
2020-06-14,68.34
2020-06-15,70.21
2020-06-16,73.19
2020-06-17,73.28
2020-06-18,74.17
2020-06-19,73.23
2020-06-20,72.28
2020-06-21,70.07
2020-06-22,69.86
2020-06-23,71.29
2020-06-24,71.54
2020-06-25,72.89
2020-06-26,73.88
2020-06-27,72.77
2020-06-28,69.32
2020-06-29,70.5
2020-06-30,73.18
2020-07-01,72.17
2020-07-02,72.9
2020-07-03,72.67
2020-07-04,73.17
2020-07-05,70.51
2020-07-06,72.42
2020-07-07,72.98
2020-07-08,73.08
2020-07-09,72.34
2020-07-10,74.03
2020-07-11,72.26
2020-07-12,70.42
2020-07-13,72.09
2020-07-14,71.74
2020-07-15,73.55
2020-07-16,73.4
2020-07-17,73.69
2020-07-18,73.66
2020-07-19,71.25
2020-07-20,72.71
2020-07-21,72.18
2020-07-22,73.86
2020-07-23,73.87
2020-07-24,74.39
2020-07-25,74.39
2020-07-26,71.83
2020-07-27,72.92
2020-07-28,73.52
2020-07-29,75.09
2020-07-30,74.8
2020-07-31,74.7
2020-08-01,75.81
2020-08-02,73.24
2020-08-03,72
2020-08-04,73.06
2020-08-05,74.59
2020-08-06,74.5
2020-08-07,75.02
2020-08-08,74.19
2020-08-09,72.45
2020-08-10,75.1
2020-08-11,73.07
2020-08-12,73.99
2020-08-13,73.87
2020-08-14,73.82
2020-08-15,74.13
2020-08-16,72.82
2020-08-17,73.69
2020-08-18,72.65
2020-08-19,74
2020-08-20,73.65
2020-08-21,73.47
2020-08-22,74.17
2020-08-23,72.22
2020-08-24,74.2
2020-08-25,73.98
2020-08-26,74.95
2020-08-27,74.12
2020-08-28,74.53
2020-08-29,73.19
2020-08-30,69.7
2020-08-31,73.8
2020-09-01,73.64
2020-09-02,74.49
2020-09-03,74.74
2020-09-04,74.68
2020-09-05,73.18
2020-09-06,71.67
2020-09-07,72.03
2020-09-08,70.77
2020-09-09,73.99
2020-09-10,74.1
2020-09-11,74.15
2020-09-12,73.27
2020-09-13,70.87
2020-09-14,72.89
2020-09-15,73.06
2020-09-16,74.2
2020-09-17,75.02
2020-09-18,74.54
2020-09-19,74.03
2020-09-20,70.27
2020-09-21,70.1
2020-09-22,72.33
2020-09-23,74.66
2020-09-24,72.52
2020-09-25,74.08
2020-09-26,73.11
2020-09-27,71.96
2020-09-28,71.18
2020-09-29,71.41
2020-09-30,73.76
2020-10-01,73.89
2020-10-02,74.66
2020-10-03,75.78
2020-10-04,75.09
2020-10-05,75.2
2020-10-06,75.25
2020-10-07,74.19
2020-10-08,74.88
2020-10-09,74.29
2020-10-10,75.2
2020-10-11,71.91
2020-10-12,72.37
2020-10-13,72.71
2020-10-14,74.21
2020-10-15,74.79
2020-10-16,74.81
2020-10-17,74.08
2020-10-18,72.59
2020-10-19,73.41
2020-10-20,73.16
2020-10-21,74.76
2020-10-22,74.42
2020-10-23,75.13
2020-10-24,74.42
2020-10-25,73.85
2020-10-26,74.17
2020-10-27,73.1
2020-10-28,74.82
2020-10-29,75.19
2020-10-30,75.78
2020-10-31,75.34
2020-11-01,74.51
2020-11-02,74.41
2020-11-03,73.99
2020-11-04,74.32
2020-11-05,72.56
2020-11-06,73.37
2020-11-07,74.42
2020-11-08,72.79
2020-11-09,74.18
2020-11-10,73.12
2020-11-11,74.94
2020-11-12,74.63
2020-11-13,75.47
2020-11-14,75.22
2020-11-15,74.79
2020-11-16,74.82
2020-11-17,74
2020-11-18,74.62
2020-11-19,74.32
2020-11-20,75.83
2020-11-21,74.69
2020-11-22,72.8
2020-11-23,74.64
2020-11-24,73.1
2020-11-25,75.11
2020-11-26,74.82
2020-11-27,73.51
2020-11-28,72.19
2020-11-29,72.5
2020-11-30,73.52
2020-12-01,74.35
2020-12-02,74.96
2020-12-03,74.79
2020-12-04,75.75
2020-12-05,74.03
2020-12-06,74.23
2020-12-07,74.91
2020-12-08,74.83
2020-12-09,74.78
2020-12-10,75.04
2020-12-11,73.75
2020-12-12,74.88
2020-12-13,73.64
2020-12-14,74.65
2020-12-15,73.97
2020-12-16,74.48
2020-12-17,75.04
2020-12-18,73.9
2020-12-19,74.24
2020-12-20,74.36
2020-12-21,74.62
2020-12-22,74.73
2020-12-23,75.74
2020-12-24,74.67
2020-12-25,75.23
2020-12-26,72.86
2020-12-27,74.75
2020-12-28,76.15
2020-12-29,74.56
2020-12-30,75.58
2020-12-31,76.21
2021-01-01,77.04
2021-01-02,74.79
2021-01-03,75.89
2021-01-04,74.75
2021-01-05,73.67
2021-01-06,74.98
2021-01-07,73.42
2021-01-08,72.66
2021-01-09,73.93
2021-01-10,71.47
2021-01-11,72.88
2021-01-12,73.19
2021-01-13,72.8
2021-01-14,74.28
2021-01-15,74.84
2021-01-16,74.06
2021-01-17,71.76
2021-01-18,73.2
2021-01-19,71.45
2021-01-20,72.98
2021-01-21,73.53
2021-01-22,72.69
2021-01-23,73.33
2021-01-24,72.95
2021-01-25,72.39
2021-01-26,73.89
2021-01-27,73.95
2021-01-28,74.15
2021-01-29,74.27
2021-01-30,73.69
2021-01-31,73.39
2021-02-01,74.37
2021-02-02,73.35
2021-02-03,71.91
2021-02-04,73.53
2021-02-05,73.49
2021-02-06,71.55
2021-02-07,72.52
2021-02-08,71.62
2021-02-09,72.32
2021-02-10,72.91
2021-02-11,73.04
2021-02-12,72.19
2021-02-13,71.97
2021-02-14,70.32
2021-02-15,71.15
2021-02-16,69.97
2021-02-17,71.96
2021-02-18,71.53
2021-02-19,71.72
2021-02-20,71.8
2021-02-21,67.69
2021-02-22,70.65
2021-02-23,71.71
2021-02-24,71.99
2021-02-25,72.87
2021-02-26,72.57
2021-02-27,72.22
2021-02-28,70.83
2021-03-01,72.63
2021-03-02,71.75
2021-03-03,72.3
2021-03-04,72.92
2021-03-05,72.39
2021-03-06,71.78
2021-03-07,70.83
2021-03-08,72.4
2021-03-09,71.11
2021-03-10,71.25
2021-03-11,72.64
2021-03-12,72.3
2021-03-13,71.62
2021-03-14,70.26
2021-03-15,71.18
2021-03-16,70.64
2021-03-17,70.47
2021-03-18,71.44
2021-03-19,71.73
2021-03-20,70.79
2021-03-21,68.49
2021-03-22,70.03
2021-03-23,69.95
2021-03-24,71.05
2021-03-25,70.83
2021-03-26,70.46
2021-03-27,69.44
2021-03-28,67.65
2021-03-29,68.6
2021-03-30,70.43
2021-03-31,70.94
2021-04-01,71.35
2021-04-02,70.06
2021-04-03,69.61
2021-04-04,69.29
2021-04-05,69.72
2021-04-06,68.11
2021-04-07,70.24
2021-04-08,70.95
2021-04-09,69.99
2021-04-10,69.62
2021-04-11,69.18
2021-04-12,69.78
2021-04-13,68.51
2021-04-14,70.27
2021-04-15,69.91
2021-04-16,69.79
2021-04-17,68.21
2021-04-18,68.26
2021-04-19,68.63
2021-04-20,68.41
2021-04-21,69.07
2021-04-22,69.04
2021-04-23,68.59
2021-04-24,68.48
2021-04-25,68.54
2021-04-26,68.28
2021-04-27,67.86
2021-04-28,70.62
2021-04-29,69.22
2021-04-30,70.4
2021-05-01,69.59
2021-05-02,67.56
2021-05-03,65.91
2021-05-04,69.05
2021-05-05,68.9
2021-05-06,68.23
2021-05-07,68.7
2021-05-08,68.61
2021-05-09,67.39
2021-05-10,66.21
2021-05-11,68.08
2021-05-12,69.23
2021-05-13,68.73
2021-05-14,69.08
2021-05-15,68.21
2021-05-16,67.03
2021-05-17,65.26
2021-05-18,68.04
2021-05-19,67.49
2021-05-20,66.38
2021-05-21,67.77
2021-05-22,66.78
2021-05-23,64.99
2021-05-24,66.11
2021-05-25,65.46
2021-05-26,66.75
2021-05-27,67.6
2021-05-28,66.72
2021-05-29,65.5
2021-05-30,66.84
2021-05-31,63.98
2021-06-01,64.27
2021-06-02,66.25
2021-06-03,66.62
2021-06-04,66.05
2021-06-05,65.38
2021-06-06,64.72
2021-06-07,61.75
2021-06-08,64.88
2021-06-09,63.69
2021-06-10,65.57
2021-06-11,65.88
2021-06-12,64.43
2021-06-13,62.35
2021-06-14,62.77
2021-06-15,65.6
2021-06-16,65.83
2021-06-17,65.49
2021-06-18,65.21
2021-06-19,63.72
2021-06-20,63.33
2021-06-21,60.33
2021-06-22,64.72
2021-06-23,64.79
2021-06-24,65.28
2021-06-25,64.37
2021-06-26,62.88
2021-06-27,64.42
2021-06-28,59.79
2021-06-29,63.03
2021-06-30,63.93
2021-07-01,64.3
2021-07-02,63.89
2021-07-03,62.9
2021-07-04,60.21
2021-07-05,60.36
2021-07-06,60.8
2021-07-07,62.27
2021-07-08,63.87
2021-07-09,64.81
2021-07-10,63.95
2021-07-11,61.41
2021-07-12,61.12
2021-07-13,63.21
2021-07-14,64.74
2021-07-15,64.78
2021-07-16,64.52
2021-07-17,64.92
2021-07-18,62.84
2021-07-19,61.89
2021-07-20,64.94
2021-07-21,66.49
2021-07-22,65.5
2021-07-23,64.63
2021-07-24,65.36
2021-07-25,64.47
2021-07-26,64
2021-07-27,64.56
2021-07-28,65.74
2021-07-29,66.6
2021-07-30,66.6
2021-07-31,65.98
2021-08-01,65.77
2021-08-02,63.64
2021-08-03,65.05
2021-08-04,67.37
2021-08-05,67.61
2021-08-06,67.25
2021-08-07,66.1
2021-08-08,65.44
2021-08-09,65.93
2021-08-10,65.96
2021-08-11,65.96
2021-08-12,65.5
2021-08-13,67.73
2021-08-14,66.4
2021-08-15,66.06
2021-08-16,63.51
2021-08-17,64.12
2021-08-18,66.13
2021-08-19,67.4
2021-08-20,65.97
2021-08-21,66.56
2021-08-22,65.11
2021-08-23,66.2
2021-08-24,67.2
2021-08-25,66.34
2021-08-26,67.17
2021-08-27,66.5
2021-08-28,65.44
2021-08-29,64.62
2021-08-30,63.67
2021-08-31,65.24
2021-09-01,65.88
2021-09-02,66.74
2021-09-03,65.38
2021-09-04,63.8
2021-09-05,65.3
2021-09-06,64.88
2021-09-07,61.93
2021-09-08,62.96
2021-09-09,64.2
2021-09-10,63.76
2021-09-11,64.72
2021-09-12,62.26
2021-09-13,59.87
2021-09-14,62.84
2021-09-15,64.66
2021-09-16,64.53
2021-09-17,63.96
2021-09-18,64.69
2021-09-19,62.04
2021-09-20,60.44
2021-09-21,63.19
2021-09-22,63.84
2021-09-23,64.87
2021-09-24,64.15
2021-09-25,63.13
2021-09-26,62.82
2021-09-27,59.72
2021-09-28,61.68
2021-09-29,63.18
2021-09-30,63.22
2021-10-01,61.62
2021-10-02,63.2
2021-10-03,63.34
2021-10-04,58.91
2021-10-05,61.32
2021-10-06,59.69
2021-10-07,62.28
2021-10-08,63.35
2021-10-09,61.48
2021-10-10,57.65
2021-10-11,58.35
2021-10-12,60.17
2021-10-13,61.89
2021-10-14,62.83
2021-10-15,61.98
2021-10-16,61.32
2021-10-17,59.78
2021-10-18,57.59
2021-10-19,62.08
2021-10-20,61.81
2021-10-21,61.39
2021-10-22,62.14
2021-10-23,61.98
2021-10-24,59.54
2021-10-25,60.07
2021-10-26,59.76
2021-10-27,62.03
2021-10-28,59.63
2021-10-29,61.13
2021-10-30,60.85
2021-10-31,60.69
2021-11-01,59.1
2021-11-02,60.84
2021-11-03,60.1
2021-11-04,61.74
2021-11-05,62.33
2021-11-06,62.09
2021-11-07,61.18
2021-11-08,60.56
2021-11-09,60.03
2021-11-10,60.97
2021-11-11,61.22
2021-11-12,59.66
2021-11-13,59.55
2021-11-14,57.01
2021-11-15,57.56
2021-11-16,57.64
2021-11-17,60.35
2021-11-18,60.49